{"cameraMode":{"drawMode":0,"name":"Shaded","section":"Shading Mode"},"sceneLighting":false,"audioPlay":false,"sceneViewState":{"showFog":true,"showMaterialUpdate":false,"showSkybox":true,"showFlares":true,"showImageEffects":true,"showParticleSystems":true},"in2DMode":false,"pivot":{"x":22.246156692504884,"y":103.93852233886719,"z":-126.46601104736328},"rotation":{"x":-0.32002222537994387,"y":-0.0179008636623621,"z":0.006049053277820349,"w":-0.9472216367721558},"size":4.75718355178833,"orthographic":false}