{"cameraMode":{"drawMode":0,"name":"Shaded","section":"Shading Mode"},"sceneLighting":true,"audioPlay":false,"sceneViewState":{"showFog":true,"showMaterialUpdate":false,"showSkybox":true,"showFlares":true,"showImageEffects":true,"showParticleSystems":true},"in2DMode":false,"pivot":{"x":22.775590896606447,"y":21.656238555908204,"z":-8.905834197998047},"rotation":{"x":-0.2776080369949341,"y":0.6075925230979919,"z":-0.23938564956188203,"w":-0.7045989036560059},"size":4.757199287414551,"orthographic":false}