{"cameraMode":{"drawMode":0,"name":"Shaded","section":"Shading Mode"},"sceneLighting":true,"audioPlay":false,"sceneViewState":{"showFog":true,"showMaterialUpdate":false,"showSkybox":true,"showFlares":true,"showImageEffects":true,"showParticleSystems":true},"in2DMode":false,"pivot":{"x":14.231389045715332,"y":5.216985702514648,"z":11.148392677307129},"rotation":{"x":0.2064133882522583,"y":-0.35851964354515078,"z":0.08160781860351563,"w":0.9067766666412354},"size":9.20329475402832,"orthographic":false}