{"cameraMode":{"drawMode":0,"name":"Shaded","section":"Shading Mode"},"sceneLighting":false,"audioPlay":false,"sceneViewState":{"showFog":true,"showMaterialUpdate":false,"showSkybox":true,"showFlares":true,"showImageEffects":true,"showParticleSystems":true},"in2DMode":false,"pivot":{"x":2.884152412414551,"y":0.0,"z":0.014268636703491211},"rotation":{"x":-0.32002222537994387,"y":-0.0179008636623621,"z":0.006049053277820349,"w":-0.9472216367721558},"size":4.184736728668213,"orthographic":false}