{"cameraMode":{"drawMode":0,"name":"Shaded","section":"Shading Mode"},"sceneLighting":true,"audioPlay":false,"sceneViewState":{"showFog":true,"showMaterialUpdate":false,"showSkybox":true,"showFlares":true,"showImageEffects":true,"showParticleSystems":true},"in2DMode":false,"pivot":{"x":6.729207992553711,"y":7.332679748535156,"z":-2.26619291305542},"rotation":{"x":0.35605931282043459,"y":-0.47100868821144106,"z":0.21563301980495454,"w":0.7777765393257141},"size":2.1168746948242189,"orthographic":false}