{"cameraMode":{"drawMode":0,"name":"Shaded","section":"Shading Mode"},"sceneLighting":false,"audioPlay":false,"sceneViewState":{"showFog":true,"showMaterialUpdate":false,"showSkybox":true,"showFlares":true,"showImageEffects":true,"showParticleSystems":true},"in2DMode":false,"pivot":{"x":-6.360000133514404,"y":-22.65677261352539,"z":-4.82349967956543},"rotation":{"x":-0.18040557205677033,"y":-0.7243099212646484,"z":0.20656666159629823,"w":-0.632581353187561},"size":2.4134538173675539,"orthographic":false}