{"cameraMode":{"drawMode":0,"name":"Shaded","section":"Shading Mode"},"sceneLighting":false,"audioPlay":false,"sceneViewState":{"showFog":true,"showMaterialUpdate":false,"showSkybox":true,"showFlares":true,"showImageEffects":true,"showParticleSystems":true},"in2DMode":false,"pivot":{"x":3.306657552719116,"y":8.80678939819336,"z":-1.4798400402069092},"rotation":{"x":0.40449196100234988,"y":-0.290431946516037,"z":0.13719576597213746,"w":0.8562784790992737},"size":5.373821258544922,"orthographic":false}