{"cameraMode":{"drawMode":0,"name":"Shaded","section":"Shading Mode"},"sceneLighting":true,"audioPlay":false,"sceneViewState":{"showFog":true,"showMaterialUpdate":false,"showSkybox":true,"showFlares":true,"showImageEffects":true,"showParticleSystems":true},"in2DMode":false,"pivot":{"x":46.34233093261719,"y":53.17887878417969,"z":-0.18621611595153809},"rotation":{"x":-0.32208603620529177,"y":0.580708384513855,"z":-0.2679540514945984,"w":-0.698025107383728},"size":3.5571818351745607,"orthographic":false}